username,password,status
testuser001,pass123abc,beschikbaar
testuser002,pass456def,beschikbaar
testuser003,pass789ghi,beschikbaar
testuser004,pass012jkl,beschikbaar
testuser005,pass345mno,beschikbaar
testuser006,pass678pqr,beschikbaar
testuser007,pass901stu,beschikbaar
testuser008,pass234vwx,beschikbaar
testuser009,pass567yz1,beschikbaar
testuser010,pass890ab2,beschikbaar
testuser011,pass123cd3,beschikbaar
testuser012,pass456ef4,beschikbaar
testuser013,pass789gh5,beschikbaar
testuser014,pass012ij6,beschikbaar
testuser015,pass345kl7,beschikbaar
testuser016,pass678mn8,beschikbaar
testuser017,pass901op9,beschikbaar
testuser018,pass234qr0,beschikbaar
testuser019,pass567st1,beschikbaar
testuser020,pass890uv2,beschikbaar
testuser021,pass123uv3,beschikbaar
testuser022,pass456wx4,beschikbaar
testuser023,pass789yz5,beschikbaar
testuser024,pass012ab6,beschikbaar
testuser025,pass345cd7,beschikbaar
testuser026,pass678ef8,beschikbaar
testuser027,pass901gh9,beschikbaar
testuser028,pass234ij0,beschikbaar
testuser029,pass567kl1,beschikbaar
testuser030,pass890mn2,beschikbaar